date,title,authors,published_month,doi,url,journal
2026-05-27,Biochemical remodelling of phytoplankton cell composition under climate change,Shlomit Sharoni; Keisuke Inomura; Stephanie Dutkiewicz; Oliver Jahn; Zoe V. Finkel; Andrew Irwin; Mohammad M. Amirian; Erwan Monier; et al.,2026-04,10.1038/s41558-026-02598-w,https://www.nature.com/articles/s41558-026-02598-w,Nature Climate Change
2026-05-27,BGC-Argo float reveals shifts in nitrogen-carbon cycling in an oxygen-deficient zone,Mariana B. Bif; Colette Kelly; Mark A. Altabet; Annie Bourbonnais; Claire Elbon; Edgart Flores; Alanna Mnich; Josh Plant; et al.,2026-04,10.1038/s43247-026-03410-5,https://www.nature.com/articles/s43247-026-03410-5,Communications Earth & Environment
2026-05-27,Global declines in net primary production in the ocean color era,Greg M. Silsbe; James Fox; Toby K. Westberry; Kimberly H. Halsey,2025-07,10.1038/s41467-025-60906-y,https://www.nature.com/articles/s41467-025-60906-y,Nature Communications
2026-05-27,Marine heatwaves modulate food webs and carbon transport processes,Mariana B. Bif; Colleen T. E. Kellogg; Yibin Huang; Julia Anstett; Sachia Traving; M. Angelica Peña; Steven J. Hallam; Kenneth S. Johnson,2025-10,10.1038/s41467-025-63605-w,https://www.nature.com/articles/s41467-025-63605-w,Nature Communications
2026-05-27,Marine heatwaves are shaping the vertical structure of phytoplankton in the global ocean,Xueying Ma; Gengxin Chen,2025-08,10.1038/s43247-025-02718-y,https://www.nature.com/articles/s43247-025-02718-y,Communications Earth & Environment
2026-05-27,The oceanic physical injection pump of organic carbon,Marco Bellacicco; Salvatore Marullo; Giorgio Dall’Olmo; Daniele Iudicone; Bruno Buongiorno Nardelli,2025-08,10.1038/s41467-025-62363-z,https://www.nature.com/articles/s41467-025-62363-z,Nature Communications
2026-05-27,Antarctic krill vertical migrations modulate seasonal carbon export,A. J. R. Smith; S. Wotherspoon; L. Ratnarajah; G. R. Cutter; G. J. Macaulay; B. Hutton; R. King; S. Kawaguchi; et al.,2025-01,10.1126/science.adq5564,https://www.science.org/doi/10.1126/science.adq5564,Science
2026-05-27,Declining ocean greenness and phytoplankton blooms in low to mid-latitudes under a warming climate,Zhongkun Hong; Di Long; Kaiyue Shan; Jian-Min Zhang; R. Iestyn Woolway; Maofeng Liu; Michael E. Mann; Hongwei Fang,2025-10,10.1126/sciadv.adx4857,https://www.science.org/doi/10.1126/sciadv.adx4857,Science Advances
2026-05-27,Decoupled timescales of organic carbon and phosphorus recycling in the surface ocean,Megan R. Sullivan; François W. Primeau; Hojong Seo; Judith Camps-Castellà; Keisuke Inomura; Adam C. Martiny,2026-02,10.1073/pnas.2514991123,https://www.pnas.org/doi/10.1073/pnas.2514991123,Proceedings of the National Academy of Sciences
2026-05-27,"Global warming drives more intense, widespread, and frequent marine heatwaves",Marta Marcos; Angel Amores; Miguel Agulles; Jon Robson; Xiangbo Feng,2025-04,10.1073/pnas.2413505122,https://www.pnas.org/doi/10.1073/pnas.2413505122,Proceedings of the National Academy of Sciences
2026-05-27,Characterization of phytoplankton-excreted metabolites using high-resolution mass spectrometry and stable isotope tracing,Yuting Zhu; Hanna S. Anderson; Eli Salcedo; Samuel E. Miller; Krista Longnecker; Melissa C. Kido Soule; Sheean T. Haley; Gretchen J. Swarr; et al.,2026-03,10.1073/pnas.2531765123,https://www.pnas.org/doi/10.1073/pnas.2531765123,Proceedings of the National Academy of Sciences
2026-05-27,PACE/OCI retrievals of the spectral particulate backscattering coefficient in the global ocean using mixture density networks,Xingyu Bai; Bingqing Liu; Jiang Li; Yuanheng Xiong; Eurico J. D'Sa; Melissa M. Baustian; Xiaodong Zhang; Brice K. Grunert; et al.,2026-05,10.1016/j.rse.2026.115327,https://doi.org/10.1016/j.rse.2026.115327,Remote Sensing of Environment
2026-05-27,Global surface phytoplankton community structure from ocean color radiometry,Xueyin Li; Shuguo Chen; Junwei Wang; Qing Zhu,2026-03,10.1016/j.rse.2025.115174,https://doi.org/10.1016/j.rse.2025.115174,Remote Sensing of Environment
2026-05-27,SeaHawk CubeSat captures ocean color with high spatial and temporal resolution,Srinivas Kolluru; Sara Rivero-Calle; Philip J. Bresnahan; Susanne Kratzer; Timothy S. Moore; Thomas Schroeder; Sean Bailey; Alan Holmes; et al.,2026-01,10.1016/j.rse.2025.115111,https://doi.org/10.1016/j.rse.2025.115111,Remote Sensing of Environment
2026-05-27,Phytoplankton flexible pigment content complicates modeling of primary production and carbon fluxes,Francesco Mattei; Anna E. Hickman; Julia Uitz; Vincenzo Vellucci; Laurence Garczarek; Frédéric Partensky; Stephanie Dutkiewicz,2026-01,10.1111/gcb.70671,https://doi.org/10.1111/gcb.70671,Global Change Biology
2026-05-27,Modeling Organic Carbon Flux,Adrian B. Burd,2024-01,10.1146/annurev-marine-022123-102516,https://doi.org/10.1146/annurev-marine-022123-102516,Annual Review of Marine Science
2026-05-27,Two Decades of Increase in Southern Ocean Net Community Production Revealed by BGC-Argo Floats,Guillaume Liniger; Jonathan D. Sharp; Yuichiro Takeshita; Kenneth S. Johnson,2025-08,10.1029/2024GB008371,https://repository.library.noaa.gov/view/noaa/71386,Global Biogeochemical Cycles
2026-05-27,Southern Ocean Carbon Export Revealed by Backscatter and Oxygen Measurements From BGC-Argo Floats,Guillaume Liniger; Sébastien Moreau; Delphine Lannuzel; Magdalena M. Carranza; Peter G. Strutton,2025-04,10.1029/2024GB008193,https://doi.org/10.1029/2024GB008193,Global Biogeochemical Cycles
2026-05-27,Deep Learning Estimation of Global Surface Chlorophyll a Concentration From Satellite Remote Sensing,Lei Lin; Chen Dong; Stephanie Henson; Bingzhang Chen,2026-02,10.1029/2025GL120669,https://doi.org/10.1029/2025GL120669,Geophysical Research Letters
2026-05-27,Seasonal Carbon Uptake by Phytoplankton in Coastal Waters of the Western Antarctic Peninsula,Jessica S. Turner; David R. Munro; Amanda Fay; Sharon Stammerjohn; Heather Kim; Oscar Schofield; Heidi Dierssen,2025-02,10.1029/2024GL112446,https://doi.org/10.1029/2024GL112446,Geophysical Research Letters
2026-05-27,Unprecedented phytoplankton bloom induced by the earliest and strongest marine heatwave in the Ross Sea,Esther Portela; Meredith G. Meyer; Karen J. Heywood; Walker O. Smith,2025-02,10.1029/2024GL111264,https://doi.org/10.1029/2024GL111264,Geophysical Research Letters
2026-05-27,Subsurface Chlorophyll Maxima Reduce the Performance of Non-Photochemical Quenching Corrections,S. C. Painter; E. E. García‐Martín; C. Feltham; R. Muliawan; E. Mawji; K. Peel; S. Kelly; A. Flohr; et al.,2026-02,10.1029/2025JC023249,https://doi.org/10.1029/2025JC023249,Journal of Geophysical Research: Oceans
2026-05-27,BGC-Argo+: Tiered standard extensions for the global biogeochemical-Argo array,Seth M. Bushinsky; Zachary Nachod; Mathilde Jutras; Daniela König; Shannon McClish; Charles Addey,2026-05,10.5194/essd-2026-311,https://doi.org/10.5194/essd-2026-311,Earth System Science Data Discussions
2026-05-27,A global decadal data record of 8-day resolution chlorophyll-a concentration from multi-source satellite measurements,Daniel J. Ford; Gemma Kulk; Shubha Sathyendranath; Jamie D. Shutler,2026-01,10.5194/essd-18-569-2026,https://doi.org/10.5194/essd-18-569-2026,Earth System Science Data
2026-05-27,"The DYPHYRAD dataset: carbon, nitrogen, phosphorus, and phytoplankton groups from the Bay of Brest",Zéline Hubert; Aurélie Libeau; Clémentine Gallot; Vincent Cornille; Muriel Crouvoisier; Éric Lécuyer; Luis Felipe Artigas,2026-03,10.5194/essd-18-1877-2026,https://doi.org/10.5194/essd-18-1877-2026,Earth System Science Data
2026-05-27,Southern Ocean particulate organic matter fluxes estimated from in situ optical observations,Nasrollah Moradi; Lili Hufnagel; Simon Ramondenc; Clara M. Flintrop; Rainer Kiko; Tim Fischer; Helena Hauss; Arne Körtzinger; et al.,2026-03,10.5194/bg-23-2179-2026,https://doi.org/10.5194/bg-23-2179-2026,Biogeosciences
2026-05-27,A first-order description of the relationship between the chlorophyll maximum layer and colored dissolved organic matter,Juan Li; David Antoine; Yannick Huot,2026-05,10.5194/bg-23-3073-2026,https://doi.org/10.5194/bg-23-3073-2026,Biogeosciences
2026-05-27,Phytoplankton functional groups in the recurrent Kerguelen bloom respond differently to iron supply,Alex Nalivaev; Francesco d'Ovidio; Laurent Bopp; Maristella Berta; Louise Rousselet; Clara Azarian; Stéphane Blain,2026-01,10.5194/bg-23-639-2026,https://doi.org/10.5194/bg-23-639-2026,Biogeosciences
2026-05-27,Marine heatwaves impact on phytoplankton communities in Drake Passage,Andrés S. Rigual-Hernández; Amy Leventer; Manuel Fernández-Barba; José A. Flores; Gabriel Navarro; Johan Etourneau; Dimitris Evangelinos; Megan Duffy; et al.,2025-11,10.5194/bg-22-7205-2025,https://doi.org/10.5194/bg-22-7205-2025,Biogeosciences
2026-05-27,Lifting the lid on marine heatwaves: Global patterns of subsurface ocean warming events,Neil Malan; Alex Sen Gupta; Amandine Schaeffer; Shujing Zhang; Martina A. Doblin; Gabriela Semolini Pilo; Andrew E. Kiss; Jason D. Everett; et al.,2025-12,10.1016/j.pocean.2025.103539,https://doi.org/10.1016/j.pocean.2025.103539,Progress in Oceanography
2026-05-27,Climate variability affects phytoplankton phenology on the South West Atlantic shelf,Manuel Fernández-Barba; Pablo Almaraz; I. Emma Huertas; Gabriel Navarro,2025-12,10.1016/j.pocean.2025.103583,https://doi.org/10.1016/j.pocean.2025.103583,Progress in Oceanography
2026-05-27,Bio-optical properties in summer surface waters of the southern Chukchi Sea and northern Bering Sea,Xingyuan Zhu; Tao Li; Lee W. Cooper; Eun Jin Yang; Jinyoung Jung; Kyoung-Ho Cho; Yubin Yao; Yamei Tang,2025-04,10.1016/j.dsr.2025.104458,https://doi.org/10.1016/j.dsr.2025.104458,Deep Sea Research Part I: Oceanographic Research Papers
2026-05-27,Top-of-atmosphere hyperspectral ocean color estimation for NOAA-21 VIIRS,Richa Dutt; Guangming Zheng; Zachary Charles Curran; Ronald Fick; Nikolay P. Nezlin; Miles Medina; Wenchong He; Paul M. DiGiacomo; et al.,2026（月份未核准）,10.1109/TGRS.2026.3670718,https://doi.org/10.1109/TGRS.2026.3670718,IEEE Transactions on Geoscience and Remote Sensing
2026-05-27,A multi-task learning method for ocean color remote sensing products,Chunlei Ma; Guang Zhang; Wenbo He; Jun Zhao; Zhou Peng; Xueming Zhu; Bin Ai,2026（月份未核准）,10.1109/TGRS.2026.3675239,https://doi.org/10.1109/TGRS.2026.3675239,IEEE Transactions on Geoscience and Remote Sensing
2026-05-27,A Guide to Field Campaign Design for Satellite Calibration and Validation,Kirk D. Knobelspiesse; Judy Alfter; Brian Cairns; Ivona Cetinić; Samuel LeBlanc; Sommer Nicholas; Rei Ueyama,2026-02,10.1175/JTECH-D-25-0079.1,https://doi.org/10.1175/JTECH-D-25-0079.1,Journal of Atmospheric and Oceanic Technology
2026-05-27,Marine primary production and carbon export in a western Mediterranean oligotrophic system using sediment traps,Yang Zhang; Haiyan Jin; Yanpei Zhuang; Zhongqiang Ji; Jian Ren; Kui Wang; Jianfang Chen,2026-04,10.3389/fmars.2026.1806793,https://doi.org/10.3389/fmars.2026.1806793,Frontiers in Marine Science
2026-05-27,A neural network emulator for operational marine biogeochemical forecasting in the Black Sea,Philip A. H. Smith; Anshul Chauhan; Marilaure Grégoire; Luc Vandenbulcke; Filipe Rodrigues; Asbjørn Christensen; Michael A. St John; Patrizio Mariani,2026-03,10.3389/fmars.2026.1760162,https://doi.org/10.3389/fmars.2026.1760162,Frontiers in Marine Science
2026-05-27,Biogeochemical response of oceanic subsurface chlorophyll maximum to Hurricane Idalia,Jennifer K. McWhorter; Lev B. Looney; Matthieu Le Hénaff; Heather L. Roman-Stork; Gregory R. Foltz; Fabian Gomez; Marin Cornec; Madison Soden; et al.,2026-02,10.3389/fmars.2026.1740354,https://doi.org/10.3389/fmars.2026.1740354,Frontiers in Marine Science
2026-05-27,Spectral Dependence of the Depolarization Ratio of Pure Water at Ocean Lidar Wavelengths,Tikaram Neupane; P. Jeremy Werdell; Xiaodong Zhang,2026-05,10.1364/AO.590152,https://doi.org/10.1364/AO.590152,Applied Optics
2026-05-27,Spectral variability in particulate light backscattering in the sea,Michael G. Novak; Rüdiger Röttgers,2026-02,10.1364/OE.579542,https://doi.org/10.1364/OE.579542,Optics Express
2026-05-27,"Advancing Earth System Science With the NASA Plankton, Aerosol, Cloud, Ocean Ecosystem (PACE) Satellite Mission",Anna Windle; Ian Carroll; Carina Poulin; Skye Caplan; Jeremy Werdell,2026（月份未核准）,10.5670/oceanog.2026.e204,https://doi.org/10.5670/oceanog.2026.e204,Oceanography
2026-05-28,Phytoplankton mortality in a changing ocean,Kyle Mayers; Clare Davis,2026-05,10.1038/s43017-026-00789-9,https://doi.org/10.1038/s43017-026-00789-9,Nature
2026-05-28,Seasonal changes in phytoplankton community of the Straits of Florida near the Florida Keys,Sebastian Di Geronimo; Anna Hope Finch; Enrique Montes; Frank Muller-Karger,2026-05,10.3389/fmars.2026.1794793,https://doi.org/10.3389/fmars.2026.1794793,Frontiers in Marine Science
2026-05-28,Emergent temperature sensitivity dominates phytoplankton growth and dampens net primary production seasonal variations on the Northeast US Shelf,Zhengchen Zang; Rubao Ji; Diana N. Fontaine; Pierre Marrec; Bethany L. F. Stevens; Susanne Menden-Deuer; Tatiana A. Rynearson; Kimberly J. W. Hyde; et al.,2026-05,10.1038/s43247-026-03611-y,https://doi.org/10.1038/s43247-026-03611-y,Communications Earth &amp; Environment
2026-05-28,Phytoplankton dynamics shape bacterioplankton community structure and metabolism during the austral summer-autumn transition in the Western Antarctic Peninsula,M Pavlovska; Y Prekrasna-Kviatkovska; A Zotov; A Dzhulai; E Dykyi; B Huettel; B M Fuchs; R I Amann; et al.,2026-05,10.1093/femsec/fiag053,https://doi.org/10.1093/femsec/fiag053,FEMS Microbiology Ecology
2026-05-28,Predator Release and Physical Forcing Drive Phytoplankton Hotspots in the Yellow River Estuary During Water-Sediment Regulation Scheme,Yibin Wang; Ju Wang; Ruiting Shen; Wenqi Qiao; Zhenbo Lv; Jingjing Zhang,2026-05,10.3390/w18111283,https://doi.org/10.3390/w18111283,Water
2026-05-29,Responses of phytoplankton functional types to marine heatwaves in China’s marginal seas and adjacent waters,Fangfang Li; Changlin Li; Yuhui Zhou; Weinan Li; Wendong Xian; Wenxiang Ding; Xiangfu Li; Jianxin Wang,2026-05,10.3389/fmars.2026.1828780,https://doi.org/10.3389/fmars.2026.1828780,Frontiers in Marine Science
2026-05-29,Fine-scale observations reveal distinct frontal phytoplankton communities,Laurina Oms; Andrea Doglioli; Monique Messié; Francesco d’Ovidio; Xavier Capet; Louise Rousselet; Aude Joel; Lloyd Izard; et al.,2026-05,10.1038/s43247-026-03350-0,https://doi.org/10.1038/s43247-026-03350-0,Communications Earth &amp; Environment
2026-05-29,Climate‐Driven Long‐Term Increase in Tidal Wetland Gross Primary Production in the United States,Maria Herrmann; Raymond G. Najjar; Rusty A. Feagin; Jose D. Fuentes; Thomas P. Huff; Wenzhe Jiao; Joshua E. Lerner,2026-05,10.1029/2026gb009093,https://doi.org/10.1029/2026gb009093,Global Biogeochemical Cycles
2026-05-29,Decoding Seasonal C:N:P Ratios and Their Predictors in the Northern Indian Ocean: Implications for Nutrient Stoichiometry in a Changing Climate,Abul Qasim; Deepika Sahoo; Arvind Singh,2026-05,10.1029/2025gb008679,https://doi.org/10.1029/2025gb008679,Global Biogeochemical Cycles
2026-05-29,Analysis of the Spatial Variability of Vertical Carbon Export Efficiency in the Ross Sea Using a Coupled Ocean‐Sea Ice‐Biogeochemical Model,Longxing Zhu; Xiaofan Luo; Wei Zhao; Yongli Zhang; Hao Wei,2026-05,10.1029/2025jc022790,https://doi.org/10.1029/2025jc022790,Journal of Geophysical Research: Oceans
2026-05-29,Surface slicks structure microbial and viral neuston in relation to biogeochemical conditions,Carolin Peter; Helge‐Ansgar Giebel; Bingli Clark Chai; Tassiana S. G. Serafim; Carola Lehners; Oliver Wurl; Helena Osterholz; Janina Rahlff,2026-05,10.1002/lno.70387,https://doi.org/10.1002/lno.70387,Limnology and Oceanography
2026-05-29,Complexity in biogeochemical models: consequences for the biological carbon pump,Jonathan Rogerson; Alessandro Tagliabue; Agathe Nguyen; Marcello Vichi; Lewis Wrightson; Prima Anugerahanti; Olivier Aumont; Marion Gehlen,2026-05,10.5194/bg-23-3179-2026,https://doi.org/10.5194/bg-23-3179-2026,Biogeosciences
2026-05-29,Dissolved oxygen budget in the Levantine Sea: a coupled physical-biogeochemical modelling approach,Joelle Habib; Caroline Ulses; Claude Estournel; Milad Fakhri; Patrick Marsaleix; Thierry Moutin; Dominique Lefevre; Mireille Pujo-Pay; et al.,2026-05,10.5194/bg-23-2939-2026,https://doi.org/10.5194/bg-23-2939-2026,Biogeosciences
2026-05-29,Understanding Regional p CO 2 Model Biases and Uncertainties in the Biogeochemical Southern Ocean State Estimate (B‐SOSE),Angela M. Kuhn; Matthew R. Mazloff; Sarah T. Gille; Ariane Verdy,2026-05,10.1029/2025jg009491,https://doi.org/10.1029/2025jg009491,Biogeosciences
2026-05-29,Quantitative Elemental Masses of a Single Marine Phytoplankton Evaluated with Soft X-ray Spectro-ptychography,Jordan O'Neal; Satoshi Matsuyama; Kai Sakurai; Kyota Yoshinaga; Yu Nakata; Chiho Funaki; Yoko Takeo; Takenori Shimamura; et al.,2026-05,10.1364/oe.589585,https://doi.org/10.1364/oe.589585,Optics Express
2026-05-29,An Absorption-Based Bio-Optical Framework for Phytoplankton Size Class Retrieval in the Arabian Sea,R. Chandrasekhar Naik; Aneesh A. Lotliker; Sudarsana Rao Pandi; Joaquim I. Goes; Rupam Kalita; Sanjiba Kumar Baliarsingh; Alakes Samanta,2026-05,10.3390/rs18101451,https://doi.org/10.3390/rs18101451,Remote Sensing
2026-05-29,"Microbial Mediation of Biogeochemical Cycles in Seagrass Ecosystems: Functions, Stressors, and Technological Innovations",Kasturi Taneti; Elavumkudi Paulose Nobi; Sigamani Sivaraj; Jayaraj Rajkumar; Elangovan Dilipan,2026-05,10.1111/maec.70100,https://doi.org/10.1111/maec.70100,Marine Ecology
2026-06-01,Organic Matter Stoichiometry Regulates the Continental Shelf Carbon Pump Efficiency of the Northwest European Shelf Seas,K. T. Demir; M. Mathis; J. Kossack; F. Liu; U. Daewel; C. Stegert; H. Thomas; C. Schrum,2026-06,10.1029/2025gb008724,https://doi.org/10.1029/2025gb008724,Global Biogeochemical Cycles
2026-06-01,Interannual variations of summer phytoplankton off southeastern coast of Vietnam associated with the Western Pacific Subtropical High,Jiayu Xing; Guifen Wang; Wenlong Xu; Jianhuang Qin; Xuhua Cheng,2026-06,10.1016/j.dsr2.2026.105648,https://doi.org/10.1016/j.dsr2.2026.105648,Deep Sea Research Part II: Topical Studies in Oceanography
2026-06-01,Satellite remote sensing of hydro-biogeochemical responses to near-coastal water dynamics in global river mouth areas,Youngwook Kim; Ji-Hyung Park; Jinyang Du,2026-06,10.1016/j.srs.2026.100379,https://doi.org/10.1016/j.srs.2026.100379,Remote Sensing
2026-06-01,Evaluation of phytoplankton phenology in the northern Bay of Bengal using ocean color remote sensing,Md Leion Hassan; Md Enamul Hoque; Md Nahin Alam; Md Ibrahim; Sheikh AftabUddin; Muhammed Forruq Rahman; Mamun Abdullah Al,2026-06,10.1016/j.csr.2026.105663,https://doi.org/10.1016/j.csr.2026.105663,Continental Shelf Research
2026-06-01,Inversion of Absorption Coefficient Profile with SSP and Argo Salinity Model for Precise Backscatter Processing,Ze Zhang; Tie Li; Tian Zhou,2026-05,10.3390/jmse14111037,https://doi.org/10.3390/jmse14111037,Journal of Marine Science and Engineering
2026-06-01,A Multi-Year Organic Matter Dynamics and Biogeochemical Baseline in the Southeast Clarion-Clipperton Zone,Felipe S. Freitas; Patrick Downes; Alexander P. Webber; Joaquim Bento; Claire Dalgleish; Leigh Marsh; Michael Clarke,2026-05,10.3390/jmse14111019,https://doi.org/10.3390/jmse14111019,Journal of Marine Science and Engineering
2026-06-03,Time‐Varying Cycling Rates of Size‐fractionated Particulate Organic Carbon During the Decay of a North Atlantic Spring Bloom,Daniel J. Clements; Phoebe J. Lam; Olivier Marchal; Amy E. Maas; Deborah K. Steinberg; Nicola L. Paul,2026-06,10.1029/2025gb008733,https://doi.org/10.1029/2025gb008733,Global Biogeochemical Cycles
2026-06-03,Colored and fluorescent DOM in the sea-surface microlayer: response to a phytoplankton bloom and photodegradation in a mesocosm study,Claudia Thölen; Jochen Wollschläger; Michael G. Novak; Rüdiger Röttgers; Oliver Zielinski,2026-06,10.5194/bg-23-3697-2026,https://doi.org/10.5194/bg-23-3697-2026,Biogeosciences
2026-06-05,Trace Metal Biogeochemistry in the Nordic Seas: Arctic and Atlantic Water Inflows Determine (Micro)Nutrient Availability,Yaqing Ruan; Stephan Krisch; Thomas J. Browning; C. Mark Moore; Mario Esposito; Tim Steffens; Eric P. Achterberg,2026-06,10.1029/2025gb008954,https://doi.org/10.1029/2025gb008954,Global Biogeochemical Cycles
2026-06-05,Global Eddy Subduction Carbon Pump From Argo Floats,Maxime Keutgen De Greef; Laure Resplandy; Mathieu A. Poupon,2026-03,10.1029/2025gb008912,https://doi.org/10.1029/2025gb008912,Global Biogeochemical Cycles
2026-06-05,Delineating Marine Planktonic Habitats Through the Biogeochemical‐Argo Array Data,Anh H. Pham; Ajit Subramaniam; Joseph P. Montoya,2026-02,10.1029/2025jc022543,https://doi.org/10.1029/2025jc022543,Journal of Geophysical Research: Oceans
2026-06-05,Fresh Phytoplankton Bloom Growth in the Fall and Its Control on Ocean Heating in the Pacific Arctic Region,Clare B. Gaffey; Karen E. Frey; Bonnie Light; Lee W. Cooper; Jacqueline M. Grebmeier,2026-05,10.1029/2025jc022895,https://doi.org/10.1029/2025jc022895,Journal of Geophysical Research: Oceans
2026-06-05,Distribution and Export of Particulate 3‐Hydroxy Fatty Acids in the Northwestern Pacific Ocean: Implications for Seawater Temperature Reconstructions,Fengmin Pan; Huamao Yuan; Jinming Song; Xuegang Li; Liqin Duan,2026-06,10.1029/2026jc024079,https://doi.org/10.1029/2026jc024079,Journal of Geophysical Research: Oceans
2026-06-05,Amplifying effects of multiyear La Niña on phytoplankton biomass in the tropical Pacific,Lei Lin; Kun Xu; Wei Tan; Jinliang Liu; Bingzhang Chen; Dongyan Liu,2026-05,10.1002/lol2.70143,https://doi.org/10.1002/lol2.70143,Limnology and Oceanography
2026-06-05,The impact of large-scale macroalgae cultivation and harvesting strategies on the marine carbon dioxide removal efficacy and marine biogeochemistry,Prima Anugerahanti; Julien Palmiéri; Chelsey A. Baker; Ekaterina Popova; Andrew Yool,2026-06,10.5194/bg-23-3735-2026,https://doi.org/10.5194/bg-23-3735-2026,Biogeosciences
2026-06-05,Trait-Based Micro-Phytoplankton Community Structure Across Hydrographic Gradients in the Eastern Indian Ocean,Aparna Mol T A; Jagadish S Patil; Pranoy Paul,2026-05,10.1016/j.dsr2.2026.105663,https://doi.org/10.1016/j.dsr2.2026.105663,Deep Sea Research Part II: Topical Studies in Oceanography
2026-06-05,"Achieving Consistent Estimates of Particulate Organic Carbon from Satellites, Ships and Argo Floats",Graham D. Quartly; Shubha Sathyendranath; Martí Galí,2026-03,10.3390/rs18050832,https://doi.org/10.3390/rs18050832,Remote Sensing
2026-06-05,Decline in satellite-derived primary production in the north-east Atlantic driven by changes in sea surface temperature and mixed layer depth,Gavin H. Tilstone; Peter E. Land,2026-06,10.3389/frsen.2026.1703257,https://doi.org/10.3389/frsen.2026.1703257,Remote Sensing
2026-06-05,Identification of phytoplankton pigment assemblages using derivative spectroscopy of hyperspectral remote-sensing reflectances,Elena Torrecilla Ribalta; Jaume Piera Fernández; D. Stramski; R. Reynolds; E. Millán-Nuñez,2010-04,10.5821/iwp.2009.8.15680,https://doi.org/10.5821/iwp.2009.8.15680,Instrumentation Viewpoint
2026-06-05,Phytoplankton Bloom and Enhanced Carbon Uptake Induced by Marine Heatwaves in the Mid-High Latitudes of the Northwestern Pacific in 2022 and 2023,立斌 董,2026（月份未核准）,10.12677/ccrl.2026.153070,https://doi.org/10.12677/ccrl.2026.153070,Climate Change Research Letters
2026-06-05,"Review of potential impacts of marine heatwaves in the Caribbean, Gulf and Southeastern U.S",Renata Poulton Kamakura; Chris Simoniello; Devanarayana R.M. Rao; Brian Dzwonkowski; Xiao Qi; Megan Howson; Jorge Brenner,2026-06,10.1088/2515-7620/ae78b5,https://doi.org/10.1088/2515-7620/ae78b5,Environmental Research Communications
2026-06-05,Evaluation of Trophic State in the Banda Sea Utilizing Marine Biogeochemistry Parameters and Phytoplankton Diversity,Iis Triyulianti; Faisal Hamzah; Dessy Berlianty; Bayu Priyono; Teguh Agustiadi; Rikha Widiaratih; Marsya J. Rugebregt; Irma Kesaulya; et al.,2026-05,10.1088/1755-1315/1624/1/012006,https://doi.org/10.1088/1755-1315/1624/1/012006,IOP Conference Series: Earth and Environmental Science
2026-06-05,Variability of chlorophyll-a in the central part of the eastern Arabian Sea using biogeochemical Argo observations,Madhurima Paul; Rashmi R. Nayak; Arun Chakraborty,2026-03,10.1007/s44289-026-00128-2,https://doi.org/10.1007/s44289-026-00128-2,Discover Oceans
2026-06-05,Annual net community production in the western North Pacific subtropical gyre estimated from Argo float observations,Doshik Hahm; Inhee Lee,2026-06,10.1007/s12601-026-00277-7,https://doi.org/10.1007/s12601-026-00277-7,Ocean Science Journal
2026-06-05,"Phytoplankton Community in Blue Carbon Ecosystem: Responses to Colour-Producing Agents and Nutrients Variability in Kota Belud, North Borneo, Malaysia",Nur Natasha Abd Manap; Madihah Jafar Sidik; Muhammad Ikhlas Zabidi; Noramira Mahadir; B Mabel Manjaji Matsumoto; Ejria Saleh; Muhammad Ali Syed Hussein; Mohd Fikri Mohd Akmal Khodzori; et al.,2026-05,10.1088/1755-1315/1624/1/012002,https://doi.org/10.1088/1755-1315/1624/1/012002,IOP Conference Series: Earth and Environmental Science
2026-06-05,"Advancing Earth System Science With the NASA Plankton, Aerosol, Cloud, Ocean Ecosystem ( PACE ) Satellite Mission",P. Jeremy Werdell; Brian Cairns; Skyelar A. Caplan; Ivona Cetinić; Sean R. Foley; Bryan A. Franz; Meng Gao; Zachary T. Fasnacht; et al.,2026-04,10.1111/gcb.70869,https://doi.org/10.1111/gcb.70869,Global Change Biology
2026-06-05,Beyond the Nutrient Paradigm: Thermal Intensity and Duration Trigger Opposite Phytoplankton Responses to Marine Heatwaves in the East China Sea,Jiarui Zhou; Xin Liu; Edward A. Laws; Charlotte Laufkötter; Weinan Li; Jingxiao Wang; Changlin Li; Wupeng Xiao; et al.,2026-04,10.1029/2025gl121124,https://doi.org/10.1029/2025gl121124,Geophysical Research Letters
2026-06-05,Terrestrial Runoff Divides the Central Arctic Ocean and Shapes the Biologically Relevant Marine Lightscape,Håkon Sandven; David McKee; Rafael Gonçalves‐Araujo; Rüdiger Röttgers; Anders F. Opdal; Philipp Assmy; Mats A. Granskog,2026-05,10.1029/2025gl121318,https://doi.org/10.1029/2025gl121318,Geophysical Research Letters
2026-06-05,Surface Ocean Chlorophyll: Do the Green Get Greener and the Blue Bluer?,B. B. Cael; Kelsey Bisson; Emmanuel Boss; Ziyin Liu,2026-05,10.1029/2025gl120527,https://doi.org/10.1029/2025gl120527,Geophysical Research Letters
2026-06-05,Spatiotemporal Variability in the Vertical Distribution of Phytoplankton Biomass in the Ice‐Free Southern Ocean: A Bioregionalization Approach,N. Mayot; J. Uitz; L. Lacour; R. Sauzède; L. Izard; D. Nerini,2026-04,10.1029/2025gb008930,https://doi.org/10.1029/2025gb008930,Global Biogeochemical Cycles
2026-06-05,The Seasonal Impact of the Island Mass Effect on Coastal Biogeochemistry and Phytoplankton Assemblage: The Case of the Tropical and Volcanic Island of Guadeloupe (French West Indies),Emma Moreau; Marie Boye; Pierre‐Yves Pascal; Monique Messié,2026-04,10.1029/2025jc023236,https://doi.org/10.1029/2025jc023236,Journal of Geophysical Research: Oceans
2026-06-05,Combining the Underwater Vision Profiler 6 with sediment traps to measure in situ velocity of marine particles,Manon Laget; Alexandre Accardo; Marc Picheral; Camille Catalano; Lionel Guidi; Tristan Biard,2026-04,10.1002/lom3.70052,https://doi.org/10.1002/lom3.70052,Limnology and Oceanography
2026-06-05,Modeling Upper Ocean Ecosystem Dynamics in Response to Interannual Sea‐Ice Variability in the Western Antarctic Peninsula,Catherine R. Czajka; Jessica S. Turner; Sharon Stammerjohn; Heather H. Kim; Oscar Schofield; Benjamin T. Saenz; Scott C. Doney,2026-04,10.1029/2025jg009428,https://doi.org/10.1029/2025jg009428,Biogeosciences
2026-06-05,Instrument-embedded sampling oscilloscope for in-situ waveform characterization and its implementation in the Ocean Color Instrument of the NASA PACE mission,Kim S. Jepsen; Ulrik Gliese; Omar Haddad; Matt Owens; Steve Marlow; Bradley Tse; Leland Chemerys; Gerhard Meister; et al.,2026（月份未核准）,10.1109/tgrs.2026.3695813,https://doi.org/10.1109/tgrs.2026.3695813,IEEE Transactions on Geoscience and Remote Sensing
2026-06-05,Long-term Ocean and Atmosphere Simultaneous Observation Network Supporting for Validation of Ocean Color Satellite Data Products,Xinhao Shi; Shuguo Chen; Chaofei Ma; Qingjun Song; Lianbo Hu; Junwei Wang; Hailong Peng,2026-05,10.1175/jtech-d-25-0053.1,https://doi.org/10.1175/jtech-d-25-0053.1,Journal of Atmospheric and Oceanic Technology
2026-06-05,Case 2 Regional Coast Colour: a neural network-based framework for atmospheric correction and in-water retrievals across multiple ocean colour satellite sensors,Dagmar Müller; Martin Hieronymi; Ana B. Ruescas; Marco Peters; Rüdiger Röttgers; Marcel König; Carole Lebreton; Kerstin Stelzer; et al.,2026-03,10.3389/frsen.2026.1710758,https://doi.org/10.3389/frsen.2026.1710758,Remote Sensing
2026-06-05,GPM DPR Observations of Regional Differences in Tropical Precipitation Systems: Microphysical Features and Land–Ocean Contrasts,Yihao Chen; Donghai Wang; Xueting Zhang; Enguang Li; Lebao Yao; Yangjinxi Ge; Yuting Xue; Rui Xie,2026-06,10.3390/rs18111838,https://doi.org/10.3390/rs18111838,Remote Sensing
2026-06-05,Lidar for Ocean Applications: Review of International Efforts,C. Jamet; K. Bisson; P. Chen; B. Collister; P. Di Girolamo; Y. Hu; D. Liu; X. Lu; et al.,2026（月份未核准）,10.1051/epjconf/202636205004,https://doi.org/10.1051/epjconf/202636205004,EPJ Web of Conferences
2026-06-05,Assessment of gap-filling techniques applied to satellite phytoplankton composition products for the Atlantic Ocean,Ehsan Mehdipour; Hongyan Xi; Alexander Barth; Aida Alvera-Azcárate; Adalbert Wilhelm; Astrid Bracher,2026-02,10.5194/gmd-19-1619-2026,https://doi.org/10.5194/gmd-19-1619-2026,Geoscientific Model Development
2026-06-05,"Modelling primary production: multitude of theories, or multitude of languages?",Jozef Skákala; Shubha Sathyendranath; Yuri Artioli; Deep S. Banerjee; Heather Bouman; Robert J. W. Brewin; Momme Butenschön; Stefano Ciavatta; et al.,2026-05,10.5194/os-22-1457-2026,https://doi.org/10.5194/os-22-1457-2026,Ocean Science
2026-06-05,Assessment of transparent exopolymer particles in the Arctic Ocean implemented into the coupled ocean–sea ice–biogeochemistry model FESOM2.1–REcoM3,Moritz Zeising; Laurent Oziel; Silke Thoms; Özgür Gürses; Judith Hauck; Bernd Heinold; Svetlana N. Losa; Manuela van Pinxteren; et al.,2026-03,10.5194/gmd-19-2077-2026,https://doi.org/10.5194/gmd-19-2077-2026,Geoscientific Model Development
2026-06-05,Composition and assembly of the microbial community within the deep chlorophyll maximum layer of the seamount and the adjacent coastal waters in the South China Sea,Liyuan Ren; Yanpeng Shang; Zhangxian Xie; Dongxu Li; Cheng Xue; Dazhi Wang,2026-06,10.1128/msphere.00162-26,https://doi.org/10.1128/msphere.00162-26,mSphere
2026-06-05,Random Forest Regression Using Autonomous In Situ Ocean Observations: Inferring Small-Scale Nutrient Variability during a Southern Ocean Field Experiment,Sangmin Song; Paige D. Lavin; Alison R. Gray; Zachary Nachod; Dhruv Balwada; Lilian A. Dove; Andrew F. Thompson,2026-04,10.1175/aies-d-24-0048.1,https://doi.org/10.1175/aies-d-24-0048.1,Artificial Intelligence for the Earth Systems
2026-06-05,Sea ice loss drives a regime shift in Arctic Ocean nitrogen biogeochemistry,Marta Santos-García; Raja S. Ganeshram; Laurent Oziel; Paul A. Dodd; Laura de Steur; Robyn E. Tuerena; Colin A. Stedmon,2026-05,10.1038/s43247-026-03569-x,https://doi.org/10.1038/s43247-026-03569-x,Communications Earth &amp; Environment
2026-06-05,"Coexistence of Photosynthetic Marine Microorganisms, Viruses and Grazers: Towards Integration in Ocean Ecosystem Models",Paul Frémont; Stephen J. Beckett; David Demory; Eric Carr; Christopher L. Follett; Debbie Lindell; David Talmy; Stephanie Dutkiewicz; et al.,2026-04,10.1111/1462-2920.70295,https://doi.org/10.1111/1462-2920.70295,Environmental Microbiology
2026-06-05,"Ecological roles, climate-driven responses, and critical knowledge gaps of krill in the global ocean",Kim S Bernard; Geraint A Tarling; Angus Atkinson; Emma L Cavan; Alison C Cleary; Padmini Dalpadado; Macarena Díaz-Astudillo; Jeffrey Dorman; et al.,2026-05,10.1093/icesjms/fsag090,https://doi.org/10.1093/icesjms/fsag090,ICES Journal of Marine Science
2026-06-05,Development of a next-generation general ocean circulation model for the Great Lakes,Meena Raju; David J. Cannon; Peter Alsip; He Wang; Jia Wang; Theresa Cordero; Robert W. Hallberg; Charles A. Stock; et al.,2026-05,10.5194/gmd-19-4331-2026,https://doi.org/10.5194/gmd-19-4331-2026,Geoscientific Model Development
2026-06-05,Monitoring coastal ocean dynamics under typhoon conditions using submarine distributed optical-fiber acoustic sensing,Sunke Fang; Jianmin Lin; Wen Xu,2026-05,10.1121/10.0043910,https://doi.org/10.1121/10.0043910,The Journal of the Acoustical Society of America
2026-06-05,Autonomous ocean observations: the challenges for fair and reliable data for digital twins development,Nikolaos D. Zarokanellos; Lara Díaz Barroso; Miguel Charcos Llorens; Emma Reyes Reyes; Mélanie Juza; Albert Miralles Brunet; Manuel Rubio Fernández; Patricia Rivera Rodríguez; et al.,2024-01,10.5821/iwp.2024.23.14114,https://doi.org/10.5821/iwp.2024.23.14114,Instrumentation viewpoint
2026-06-05,CART Rule-Guided MaxEnt Model Construction and Its Application in Fishing Ground Prediction of Chub Mackerel in the Northwestern Pacific Ocean,Zuli Wu; Fenghua Tang; Yumei Wu; Shengmao Zhang; Fei Wang; Xuesen Cui,2026-06,10.3390/fishes11060337,https://doi.org/10.3390/fishes11060337,Fishes
2026-06-05,"Oceanography, biogeochemical cycles, and biodiversity in the Central Arctic Ocean: Current state of knowledge and research directions for the Tara Polaris expeditions",Maxime Geoffroy; Igor Polyakov; Marit Reigstad; Silvia G. Acinas; Rémi Amiraux; Hélène Angot; Mathieu Ardyna; Marcel Babin; et al.,2026-06,10.1525/elementa.2025.00027,https://doi.org/10.1525/elementa.2025.00027,Elem Sci Anth
2026-06-05,Spatial Distribution Characteristics of Dissolved Oxygen Saturation and Chlorophyll a Concentration in the Central Arabian Sea Based on the 2024 Cruise Observations,Xiumei Fan; Lingzhi Li; Yongchuang Shi; Hanfeng Zheng; Wei Chen; Ziniu Li; Chao Li; Zhi Zhu; et al.,2026-06,10.3390/jmse14111046,https://doi.org/10.3390/jmse14111046,Journal of Marine Science and Engineering
2026-06-05,Construction of an Oil Spill Dynamics Model Based on 3D Terrain and Marine Environmental Fields,Hengshuai Shang; Bo Ai; Wenjun Feng; Jiaxing Xiong; Linan Wei,2026（月份未核准）,10.1051/e3sconf/202671701017,https://doi.org/10.1051/e3sconf/202671701017,E3S Web of Conferences
2026-06-05,The stratigraphic record of the Eocene–Oligocene transition in the East Pisco Basin (Peru): a phytoplankton perspective,Maria Elena Gastaldello; Giulia Bosio; Claudio Di Celma; Giovanni Bianucci; Alberto Collareta; Stefano Mazzoli; Luca Pellegrino; Igor Maria Villa; et al.,2026-06,10.1127/nos/0873,https://doi.org/10.1127/nos/0873,Newsletters on Stratigraphy
2026-06-05,Response of eukaryotic phytoplankton to mesoscale and sub-mesoscale processes within a cyclonic-anticyclonic eddy pair,Jia Guo; Jiaxing Liu; Zhiyou Jing; Tong Yan; Sheng Dai; Yuan Liu; Yehui Tan,2026-06,10.1007/s10236-026-01818-3,https://doi.org/10.1007/s10236-026-01818-3,Ocean Dynamics
2026-06-05,Environmental drivers of allelopathic interactions among phytoplankton: Insights into abiotic and biotic regulation,Hani Abdo; Bingbing Wang; Liju Tan; Jiangtao Wang,2026-06,10.1016/j.rsma.2026.105083,https://doi.org/10.1016/j.rsma.2026.105083,Regional Studies in Marine Science
2026-06-05,High sea ice algal primary production near marine-terminating glaciers linked to turbulence-driven nutrient fluxes across the ice–ocean interface,Dorte H. Søgaard; Søren Rysgaard; Tobias Reiner Vonnahme; Pedro Duarte; Cæcilie Erichsen Kudsk; Brian K. Sorrell; Lorenz Meire; Josefa Verdugo; et al.,2026-05,10.1038/s41598-026-53846-0,https://doi.org/10.1038/s41598-026-53846-0,Scientific Reports
2026-06-05,From Flames to the Ocean: Biomass Burning Aerosols Are Associated With Changes in Prokaryotic Communities in the Mediterranean Sea,Nathan Nault; Frédéric Gazeau; Philippe Catala; Barbara Marie; Joan Llort; Cécile Guieu; Matthieu Bressac; Emmanuelle Uher; et al.,2026-04,10.1111/1462-2920.70267,https://doi.org/10.1111/1462-2920.70267,Environmental Microbiology
2026-06-05,Assessing the Ocean Color observation capability of the CALIGOLA mission: The PROTEO project,D. Dionisi; M. Di Paolantonio; E. D'Acunzo; G. Giuliano; G. L. Liberti; G. Volpe; N. Franco; A. Andrisani; et al.,2026（月份未核准）,10.1051/epjconf/202636205007,https://doi.org/10.1051/epjconf/202636205007,EPJ Web of Conferences
2026-06-05,Non-Temporal Environmental Factor-Driven Dissolved Oxygen Prediction via Physics-Informed Regression for Sustainable Environmental Monitoring,Lun Tan; Sen Lin; Xinran Li; Qi Wang; Qiang Zhao; Lianjie Guo; Wenzhen Zhang; Wei Wang,2026-06,10.3390/su18115746,https://doi.org/10.3390/su18115746,Sustainability
2026-06-05,Hydrodynamic Modelling of Semi-Enclosed Coastal Systems: A Stepwise Assessment of Key Forcing Factors,Baiming Chen; Cui Wang; Shang Jiang,2026-06,10.3390/jmse14111058,https://doi.org/10.3390/jmse14111058,Journal of Marine Science and Engineering
2026-06-05,"Heterogeneous spatial drivers of chlorophyll-a seasonal variability off the Shandong Peninsula, China",Jie Sun; Xiangyang Xue; Peimiao Zhao; Xinling Song; Wenjian Li; Ling Zhao; Zhenyan Wang,2026-06,10.1007/s00367-026-00856-6,https://doi.org/10.1007/s00367-026-00856-6,Geo-Marine Letters
2026-06-05,The Impact of Climate Change on the Potential Habitat Distribution of Eggs and Larvae of the Liza haematocheilus and Harpadon nehereus in the Coastal Waters of Zhejiang Province,Yuelian He; Rijin Jiang; Rui Yin; Peng Zhao; Mengyuan Zhang; Jinqing Wang,2026-05,10.3390/jmse14111017,https://doi.org/10.3390/jmse14111017,Journal of Marine Science and Engineering
2026-06-05,Spatiotemporal Distribution of Chlorophyll-a and Dissolved Organic Matter in Ganjiang River Estuary of Lake Poyang,Zitong Huang; Haiqing Liao; Meichen Ji; Yule Luo; Fang Yang; Danni Liu; Yiling Zhong; Dongxia Feng; et al.,2026-05,10.3390/w18101160,https://doi.org/10.3390/w18101160,Water
2026-06-06,Genomic-to-space measurements reveal large-scale ocean nutrient stress,Adam C. Martiny; Lucas J. Ustick; Toby K. Westberry; Michael J. Behrenfeld,2026-06,10.1126/sciadv.aed8089,https://doi.org/10.1126/sciadv.aed8089,Science
2026-06-06,Connections Between Surface and Subsurface Temperature Anomalies,Sarah Packman; Zachary K. Erickson; Gregory C. Johnson,2026-06,10.1029/2024jc022233,https://doi.org/10.1029/2024jc022233,Journal of Geophysical Research: Oceans
2026-06-06,Polar processes set Arctic marine heatwaves apart,Marylou Athanase; Ruijian Gou; Eike E. Köhn; Benjamin Richaud; Amélie Simon,2026-06,10.1038/s43247-026-03735-1,https://doi.org/10.1038/s43247-026-03735-1,Communications Earth &amp; Environment
2026-06-06,Reorganization of Subtropical Phytoplankton Communities in the Warming Ocean,Ye‐Hong Xin; Can‐Jun Cai; Xiao Yang; Shu‐Feng Zhang; Tian Deng; Minghua Wang; Lian Feng; David A. Hutchins; et al.,2026-05,10.1029/2025jc022734,https://doi.org/10.1029/2025jc022734,Journal of Geophysical Research: Oceans
2026-06-06,The design and analysis of marine multiple driver experiments,C. E. Cornwall; P. W. Dillingham; J. N. Havenhand; P. W. Boyd; C. M. McGraw,2026-05,10.1186/s44419-026-00004-5,https://doi.org/10.1186/s44419-026-00004-5,Ocean Ecosystems
2026-06-06,Abrupt alkalinization alters microbial diversity and promotes the proliferation of marine parasites in coastal microcosm experiments,James A Gately; Sylvia M Kim; Zoe S Welch; Joaquín Martínez Martínez; Dylan Catlett; Benjamin Jin; Madeline Manzagol; Angela Larson; et al.,2026-05,10.1093/icesjms/fsag063,https://doi.org/10.1093/icesjms/fsag063,ICES Journal of Marine Science
2026-06-06,Two-phase CNN for model data fusion: Predicting 3D chlorophyll-a in the Mediterranean Sea,Teresa Tonelli; Gianpiero Cossarini; Luca Manzoni; Gloria Pietropolli,2026-04,10.1016/j.ocemod.2026.102707,https://doi.org/10.1016/j.ocemod.2026.102707,Ocean Modelling
2026-06-07,Riverine Particulate Organic Matter Exported to the Adjacent Coastal Ocean: Implications for Marine Zooplankton in a Highly Productive Coastal Upwelling Area,Alexander Galán; Marcus Sobarzo; Gonzalo S. Saldías; Elizabeth Curra‐Sánchez; Victor M. Aguilera; Valentina Manriquez; Alberto Araneda; Cristian A. Vargas,2026-06,10.1029/2025jg008810,https://doi.org/10.1029/2025jg008810,Biogeosciences
2026-06-07,"Reversible Regime Change: Climate‐Driven Phytoplankton Community Shifts in the Cariaco Basin, Venezuela",Benjamin Post; Esteban Acevedo‐Trejos; Subhendu Chakraborty; Andrew D. Barton; Agostino Merico,2026-06,10.1029/2025jg009360,https://doi.org/10.1029/2025jg009360,Biogeosciences
2026-06-07,"Rainfall-Runoff Modelling: A Review of Empirical, Physically-Based and Machine Learning Approaches and Climate Change Applications",Dasari Omkar; S. Selvakumar; S. Pazhanivelan; M. Raju; K. P. Ragunath; V. Ravikumar,2026-06,10.9734/ijecc/2026/v16i65499,https://doi.org/10.9734/ijecc/2026/v16i65499,International Journal of Environment and Climate Change
2026-06-08,Physiological responses of intertidal and subtidal corals Anomastraea irregularis and Pocillopora verrucosa exposed to experimental thermal stress,Prishani Boodraj; David Glassom; Dalene Vosloo,2026-06,10.3389/fmars.2026.1828013,https://doi.org/10.3389/fmars.2026.1828013,Frontiers in Marine Science
2026-06-08,Warm-core eddy intensifies surface mixotrophic bacterivory and fuels mesopelagic heterotrophic grazing,Ying Wang; Xin Liu; Zhonghua Zhao; Dapeng Xu; Bangqin Huang; Ping Sun,2026-06,10.1038/s42003-026-10438-y,https://doi.org/10.1038/s42003-026-10438-y,Communications Biology
2026-06-08,Research on the Effect of Polar Marine Microbial Carbon Pump and Its Response Mechanisms to Climate Change,Chengwen Sun,2026-06,10.54254/2753-8818/2026.34179,https://doi.org/10.54254/2753-8818/2026.34179,Theoretical and Natural Science
2026-06-08,"Impacts of phytoplankton blooms on the benthic phosphorus cycle in a macro-tidal coastal ecosystem (Bay of Vilaine, France)",Widya Ratmaya; Françoise Andrieux-Loyer; Christophe Rabouille; Karine Collin; Florian Caradec; Anniet M. Laverman; Laurent Barillé; Philippe Souchu,2026-06,10.1016/j.marenvres.2026.108182,https://doi.org/10.1016/j.marenvres.2026.108182,Marine Environmental Research
2026-06-08,Comprehensive Ecological Health Assessment of Estuarine and Coastal Ecosystems Based on Remote Sensing and Multi-Source Data: A Case Study of Qinzhou Bay,Ru Zhang; Hanqing Liu; Wenlu Lan; Hongda Hu; Xiaoyan Peng; Jia Sun; Wenlong Jing,2026-06,10.3390/w18121397,https://doi.org/10.3390/w18121397,Water
2026-06-08,Mapping Potential Fishing Zones as Indicators of Pelagic Ecosystem Service Hotspots in the Makassar Strait using Satellite-Derived SST and Chlorophyll-a Anomalies,Ummu Salma; Fadil Apresia,2026-06,10.69930/ajer.v3i2.741,https://doi.org/10.69930/ajer.v3i2.741,Asian Journal of Environmental Research
2026-06-09,Linking Phytoplankton‐Derived Dissolved and Particulate Carbon Production to Bacterial Metabolism Across Physical Dynamics in a Subtropical Marginal Sea,Yao Liu; Jianhua Kang; Yibin Huang; Chengwen Xue; Bangqin Huang,2026-06,10.1029/2026jc024071,https://doi.org/10.1029/2026jc024071,Journal of Geophysical Research: Oceans
2026-06-09,Contrasting Pathways of Organic Matter Dynamics in a Pair of Mesoscale Eddies in the Northwestern Pacific Ocean and Their Implications for Carbon Sequestration,Chunqing Chen; Qibin Lao; Jie Xu; Chao Wang; Xin Zhou; Qiyao Zhao; Shangjun Cai; Sihai Liu; et al.,2026-06,10.1029/2026jg009878,https://doi.org/10.1029/2026jg009878,Biogeosciences
2026-06-09,Vicarious Calibration of Ocean Color Satellite Sensors Based on AERONET-OC Measurements,Xinhao Shi; Shuguo Chen; Junwei Wang; Lianbo Hu; Chaofei Ma; Hailong Peng; Sicong Li,2026-06,10.1175/jtech-d-25-0116.1,https://doi.org/10.1175/jtech-d-25-0116.1,Journal of Atmospheric and Oceanic Technology
2026-06-09,Impact Study of Assimilating Fengyun-3 GNSS-R Ocean Surface Winds in the Weather Research and Forecasting Model: Sensitivity Analysis on Observation Error Specifications,Guanyi Wang; Weihua Bai; Feixiong Huang; Yueqiang Sun; Junming Xia; Xianyi Wang; Xiangguang Meng; Peng Hu; et al.,2026-06,10.3390/rs18121892,https://doi.org/10.3390/rs18121892,Remote Sensing
2026-06-09,"Multi‐Stressor Responses in Marine Bivalves: Integrating Climate Change, Pollutants, and Microbiome Shifts for Aquaculture Resilience",Faisal Ahmad Lodhi; Fahim Ullah Khan; Aabid Ullah Khan; Jae‐Seong Lee; Muhammad Abbas; Hanafiah Fazhan; Khor Waiho; Menghong Hu; et al.,2026-06,10.1111/raq.70169,https://doi.org/10.1111/raq.70169,Reviews in Aquaculture
2026-06-09,"TEMPORAL ANALYSIS OF BIO-OPTICAL INDICATORS RELATED TO WATER QUALITY AT SEIXAS BEACH, NORTHEASTERN BRAZIL: AN EXPLORATORY STUDY USING SENTINEL-3 OLCI",Mariana Mirelly da Silva Sá; Raimundo Aprigio de Menezes Junior; Karina Massei,2026-06,10.66104/necb7q37,https://doi.org/10.66104/necb7q37,REMUNOM
2026-06-09,Population thermal regime modulates the response of the agarophyte Gelidium corneum to marine heatwaves,Samuel Sainz-Villegas; Hugo Sainz Meyer; Araceli Puente; José A. Juanes; Francisco Arenas,2026-06,10.1038/s41598-026-54957-4,https://doi.org/10.1038/s41598-026-54957-4,Scientific Reports
2026-06-09,Dynamic optimization using long short-term memory and genetic algorithms for predicting marine data,Mukhlis Mukhlis; Indra Jaya; Sri Nurdiati; Karlisa Priandana; Irman Hermadi,2026-06,10.11591/ijai.v15.i3.pp2826-2837,https://doi.org/10.11591/ijai.v15.i3.pp2826-2837,IAES International Journal of Artificial Intelligence (IJ-AI)
2026-06-09,"The influence of ocean waves on Antarctic sea-ice albedo and seasonal melting, and potential coupled physical and biological feedbacks",Robert A. Massom; Phillip A. Reid; Stephen G. Warren; Bonnie Light; Donald K. Perovich; Luke G. Bennetts; Petteri Uotila; Siobhan P. O'Farrell; et al.,2026-06,10.5194/tc-20-3271-2026,https://doi.org/10.5194/tc-20-3271-2026,The Cryosphere
2026-06-09,Mapping Octopus (Octopus cyanea) Fishing Grounds Based on Sea Surface Temperature and Chlorophyll-a In the Waters of Langkai–Lanjukang,Nasdwiana Nasdwiana; Hasmawati Hasmawati; Husniati Husniati; Nirwan Dessibali; Nuryamin Nuryamin,2026-05,10.52046/agrikan.v19i1.2742,https://doi.org/10.52046/agrikan.v19i1.2742,Agrikan Jurnal Agribisnis Perikanan
2026-06-10,Dynamics off the Congo River and Its Impact on the Water Exchange Between the Coastal and Open Ocean at Different Timescales,C. Cardot; I. Dadou; D. C. Napolitano; H. M. A. Aguedjou; R. Ngakala; Y. Morel; G. Morvan; G. Alory; et al.,2026-06,10.1029/2025jc023642,https://doi.org/10.1029/2025jc023642,Journal of Geophysical Research: Oceans
2026-06-10,Deglacial Permafrost Organic Carbon Delivery at the Northern Svalbard Continental Margin: Insights From Tetraether Lipids and Plant Biomarkers,Mathia Sabino; Alessio Nogarotto; Riko Noormets; Teena Chauhan; Gesine Mollenhauer; Jens Hefter; Tommaso Tesi,2026-06,10.1029/2025jg009074,https://doi.org/10.1029/2025jg009074,Biogeosciences
2026-06-10,Machine Learning Forecasts of Coastal Chlorophyll-a Based on Satellite and Model Data: A Case Assessment in the Northern Taiwan Strait,Yangcong Wu; Long Jiang; Heshan Lin; Chun Chen; Degang Jiang,2026-06,10.3390/rs18121904,https://doi.org/10.3390/rs18121904,Remote Sensing
2026-06-10,Robust Segmentation of Mangrove in Remote Sensing Images via ODE-Based Neural Networks and Adversarial Training,Hao Yu; Xiaoyan Pan; Tingtian Wu; Yiqing Chen; Yuanling Li; Xiaohua Chen; Junjie Hu; Zongzhu Chen,2026-06,10.3390/app16125812,https://doi.org/10.3390/app16125812,Applied Sciences
2026-06-10,Improved YOLOv8n Model for Remote Sensing Target Detection of Maritime Ships,Min Yang; Hanyu Wang; Xiaodan Wang; Nenghui Zhang,2026-06,10.1088/2631-8695/ae7aef,https://doi.org/10.1088/2631-8695/ae7aef,Engineering Research Express
2026-06-10,"In Situ Stress Control on Coal Reservoir Permeability and Hydraulic Fracturing Fracture Propagation: A Case Study in Yangquan Mining Area, Northeastern Qinshui Basin, China",Ben Ma; Xiaoyang Zhang; Dawei Lv; Miao Liu; Xunzhong Du; Junjian Zhang; Han Wang; Dongdong Wang,2026-06,10.3390/pr14121867,https://doi.org/10.3390/pr14121867,Processes
2026-06-10,Marine Heatwaves in the Arabian Sea: Drivers and Impacts on Atmospheric Circulation and Extreme Precipitation,D. L. Suhas; Weiqing Han; Toshiaki Shinoda; Rui Sun; Aneesh Subramanian; Mark Bourassa; Michael Alexander,2026-06,10.1175/jcli-d-25-0458.1,https://doi.org/10.1175/jcli-d-25-0458.1,Journal of Climate
2026-06-10,Persistent warm water anomalies before and after marine heatwaves amplify heat exposure and associated risks,Ricardo U. Nardi; Piero L. F. Mazzini; Ryan K. Walter; Jian Shen,2026-06,10.1038/s43247-026-03739-x,https://doi.org/10.1038/s43247-026-03739-x,Communications Earth &amp; Environment
2026-06-10,The compound effect of climatic extremes on the 2025 Sakarya wildfire in Türkiye: A remote sensing assessment in a humid–Mediterranean climate transition zone,Beyza Ustaoğlu; Melike Softaoğlu; Ümran Ataç; Ayşe Atalay Dutucu; Derya Evrim Koç,2026-06,10.3389/ffgc.2026.1856080,https://doi.org/10.3389/ffgc.2026.1856080,Frontiers in Forests and Global Change
2026-06-10,Emergent capabilities for remote coastline and flood mapping with ultra-high-resolution SAR: A case study in American Samoa,Stacey A Huang; Minjeong Jo; Jeanne Sauber; Kelley Anderson Tagarino; Carla Baizeau,2026-06,10.1088/2515-7620/ae7aff,https://doi.org/10.1088/2515-7620/ae7aff,Environmental Research Communications
2026-06-10,Global Drivers of Phytoplankton Phenology Trends,Joe K. Guest; Marie‐Fanny Racault; Corinne Le Quéré,2026-06,10.1111/gcb.70955,https://doi.org/10.1111/gcb.70955,Global Change Biology
2026-06-11,Exploring Global Patterns of Trace Metal Limitation as a Regulator of the Distribution of Dominant Marine Phytoplankton Groups,Qiong Zhang; Yu Zhou; Jiayou Ge; Samuel Barton; Fengjie Liu; Roxana Shafiee; Kedong Yin; Heather A. Bouman; et al.,2026-06,10.1002/gcb4.70029,https://doi.org/10.1002/gcb4.70029,Global Change Biology
2026-06-11,Erosional and Hydrological Controls on the Age and Thermochemical Stability of Particulate Organic Carbon in an Arctic River,Marisa Repasch; Suzanne P. Anderson; Robert S. Anderson; Josie Arcuri; Valier Galy; Joshua C. Koch; Irina Overeem,2026-06,10.1029/2026gb009202,https://doi.org/10.1029/2026gb009202,Global Biogeochemical Cycles
2026-06-11,In-Situ Oceanographic Observations of Tropical Cyclones from Instrumented Sea Turtles,Christopher Charles Chapman; Ian Jonsen; Clive R Mcmahon; Robert Geoffrey Harcourt; Michele Thums; Marji Puotinen; Hamish Ramsay; Jason Rossendell; et al.,2026-06,10.1088/1748-9326/ae7b61,https://doi.org/10.1088/1748-9326/ae7b61,Environmental Research Letters
2026-06-11,SIG-Net: A Spectral-Index-Guided Network for Red Tide Extraction from Sentinel-2 Multispectral Imagery,Lei Zhou; Hongping Li; Xiaojun Chen; Zhanqiang Li,2026-06,10.3390/rs18121928,https://doi.org/10.3390/rs18121928,Remote Sensing
2026-06-11,A Decade of Optical Remote Sensing Applications in Marine Biodiversity and Benthic Habitat Monitoring: A Systematic Review,Laura Martín-García; Enrique Casas; Pedro A. Hernández-Leal; Andrea Z. Botelho; Manuel Arbelo,2026-06,10.3390/rs18121917,https://doi.org/10.3390/rs18121917,Remote Sensing
2026-06-11,Size-Fractionated Net Primary Production Distribution and Its Environmental Control in the East China Sea During Winter,Jiahong Cheng; Chenggang Liu; Yuming Cai; Hongchang Zhai; Wei Zhang; Minhui Su; Qiang Hao,2026-06,10.3390/biology15120905,https://doi.org/10.3390/biology15120905,Biology
2026-06-11,Variations in the latitudinal diversity gradients of the ocean microbiome,Dominic Eriksson; Jonas Schiller; Alexandre Schickele; Taylor Priest; Anna Mankowski; Enzo Faucher; Lucas J. Ustick; Michael Kuhn; et al.,2026-06,10.1016/j.chom.2026.05.016,https://doi.org/10.1016/j.chom.2026.05.016,Cell Host &amp; Microbe
2026-06-11,Gliding through marine heatwaves: subsurface biogeochemical characteristics on the Australian continental shelf,Daneeja Mawren; Julia Araujo; Romain Le Gendre; Jessica A. Benthuysen; Franck Eitel Kemgang Ghomsi; Jayanthi S. Saranya; Amandine Schaeffer,2026-06,10.5194/os-22-1793-2026,https://doi.org/10.5194/os-22-1793-2026,Ocean Science
2026-06-11,Climate intervention through stratospheric aerosol injection may partially mitigate marine heatwaves,Lala Kounta; Lifeng Luo; Gouri Anil; Daniel M Hueholt; Cheryl S Harrison; Daniele Visioni; Mari Rachel Tye; Tyler Felgenhauer; et al.,2026-06,10.1088/2752-5295/ae7b74,https://doi.org/10.1088/2752-5295/ae7b74,Environmental Research: Climate
2026-06-11,Climate-modulated upwelling drives phytoplankton variability and biomass connectivity in the Humboldt Archipelago coastal system,Victor M. Aguilera; Matthew L. Hammond; Iván Pérez; Pablo Gorostiaga,2026-06,10.1038/s41598-026-56707-y,https://doi.org/10.1038/s41598-026-56707-y,Scientific Reports
2026-06-11,Quasi-Lagrangian observations of cloud transitions during the initial phase of marine cold air outbreaks in the Arctic – Part 2: Vertical cloud structure,Anna Weber; Fabian Hoffmann; Bernhard Mayer,2026-06,10.5194/acp-26-8001-2026,https://doi.org/10.5194/acp-26-8001-2026,Atmospheric Chemistry and Physics
2026-06-12,Detected impacts of atmospheric rivers on marine heatwaves,Suqiong Hu; Shineng Hu,2026-06,10.1038/s41467-026-74249-9,https://doi.org/10.1038/s41467-026-74249-9,Nature
2026-06-12,Understanding the resilient carbon cycle response to the 2014–2015 Blob event in the Gulf of Alaska using a regional ocean biogeochemical model,Yumi Abe; Takamitsu Ito; Amanda H. V. Timmerman; Christopher T. Reinhard; Joseph P. Montoya,2026-06,10.5194/bg-23-3871-2026,https://doi.org/10.5194/bg-23-3871-2026,Biogeosciences
2026-06-12,Asymmetric Phytoplankton Responses to El Niño Diversity in the China Seas Mediated by the Western North Pacific Subtropical High,Jing Yang; Peng Chen; Siqi Zhang; Zhenhua Zhang; Delu Pan,2026-06,10.1029/2026jg009926,https://doi.org/10.1029/2026jg009926,Biogeosciences
2026-06-12,"The Unprecedented 2015/2016 Marine Heatwave off Java Coast, Southeastern Indian Ocean: Characteristics and Drivers",Bhushan Shirwadkar; Samiran Mandal; Arun Kumar,2026-06,10.1016/j.dsr2.2026.105681,https://doi.org/10.1016/j.dsr2.2026.105681,Deep Sea Research Part II: Topical Studies in Oceanography
2026-06-12,Evaluating Satellite and Model Sea Surface Salinity with In Situ Observation from an Autonomous Surface Vehicle,Vehicle Samuel M. Ayim; Leonie Jaeger; Lisa Gassen; Oliver Wurl,2026（月份未核准）,10.1109/jstars.2026.3702896,https://doi.org/10.1109/jstars.2026.3702896,Remote Sensing
2026-06-12,LCS-Net: a lightweight architecture for efficient coastal water segmentation,Mingjie Lv; Haibo Wang; Weiwei Yu; Yinjie Miao; Xinkun Song,2026-06,10.3389/feart.2026.1817534,https://doi.org/10.3389/feart.2026.1817534,Frontiers in Earth Science
2026-06-13,A Quality-Control Procedure for Bio-Optical Applications of Hyperspectral Radiometric Upwelling Radiance and Downwelling Irradiance Profiles Measured by BioGeoChemical-Argo Floats.,Lou Andrès; Charlotte Begouen Demeaux; Emanuele Organelli; Giovanni La Forgia; Nils Haëntjens; Vincenzo Vellucci; Edouard Leymarie; Catherine Schmechtig; et al.,2026-06,10.1175/jtech-d-25-0104.1,https://doi.org/10.1175/jtech-d-25-0104.1,Journal of Atmospheric and Oceanic Technology
2026-06-13,Atmospheric Nitrogen-Containing Organic Aerosols in Wintertime Sichuan Basin of China: A Key Role of Aqueous-Phase Process in Secondary Production and Optical Absorption,Luyao Chen; Rongjie Li; Binyu Xiao; Zheng Li; Rui Li; Kaitao Chen; Rui Li; Junke Zhang; et al.,2026-06,10.1021/acs.est.6c05422,https://doi.org/10.1021/acs.est.6c05422,Environmental Science &amp; Technology
2026-06-13,The Ocean–Gut–Skin (OGS) Cohort: Baseline Characteristics and Study Protocol for a Prospective Investigation of Marine Environmental Exposure and Dermatological Health in Coastal China,Bo Wan; Weili Yang; Qin Fang; Junxi Mo; Ke You; An He; Yun Zhou; Xiaoliang Li,2026-06,10.70737/r9j45797,https://doi.org/10.70737/r9j45797,Public Health and Environment
2026-06-13,Cross-dataset benchmarking of machine learning models for marine and atmospheric environmental prediction,Xuehua Zhou; Hanming Zhang; Tiantian Du; Quanbo Yuan; Huijuan Wang,2026-06,10.1371/journal.pone.0351325,https://doi.org/10.1371/journal.pone.0351325,PLOS One
2026-06-13,ZJU–SCATT–V1.0: A Comprehensive Single–Scattering Database of Non–spherical Aerosol and Cloud Particles,Lei Bi; Senyi Kong; Yue Xi; Xuan Wang; Wushao Lin; Zhenhong Du; Wei Han; Xiaoye Zhang,2026-06,10.1175/bams-d-25-0258.1,https://doi.org/10.1175/bams-d-25-0258.1,Bulletin of the American Meteorological Society
2026-06-13,Spatiotemporal Patterns and Physical Drivers of Satellite-derived Chlorophyll-a in the Aegean Sea,Anthi Koutsaniti; Manos Potiris; Yannis Androulidakis; Vassilis Zervakis; Elina Tragou,2026-06,10.1007/s41208-026-01163-8,https://doi.org/10.1007/s41208-026-01163-8,Thalassas: An International Journal of Marine Sciences
2026-06-13,Assessing wildfire spatial variability and hyperspectral data in debris-flow modeling,Samuel K. Z. Taylor; Susan Meerdink; Eric Tate,2026-06,10.1007/s10346-026-02802-0,https://doi.org/10.1007/s10346-026-02802-0,Landslides
2026-06-15,Compound ENSO–IOD Forcing of Post-2016 Marine Heatwave Intensification in East Asian Marginal Seas: A Satellite ECV Perspective,Jongho Woo; Sungwon Choi; Daeseong Jung; Suyoung Sim; Sungwoo Park; Seungwon Kim; Seungkyoo Lee; Chaeyun Kim; et al.,2026-06,10.1016/j.rsase.2026.102116,https://doi.org/10.1016/j.rsase.2026.102116,Remote Sensing
2026-06-15,Long-Term Remote Sensing of Three-Dimensional Structure and Vertical Transport of Dust Aerosols over the Qaidam Basin,Si Chen; Qing He; Lu Zhang; Jinglong Li,2026-06,10.3390/rs18121977,https://doi.org/10.3390/rs18121977,Remote Sensing
2026-06-15,Consistent Fusion of MADOCA-PPP and PPP-B2b SSR Corrections for Robust Real-Time PPP,Ruite Yi; Xiangwei Zhu; Mingjun Ouyang; Lu Cao; Jibing Wu; Guangteng Fan,2026-06,10.3390/rs18121973,https://doi.org/10.3390/rs18121973,Remote Sensing
2026-06-15,Low‐Dose H 2 O 2 Priming Improves Performance Under Simulated Marine Heatwave Conditions in a Coastal Bivalve,Chiara Mascitelli; Giovanna Monticelli; Alessandro Nardi; Giulia Dalla Rovere; Graziano Rilievo; Ilaria Bernardini; Nicole Macrì; Deborah Cesaroni; et al.,2026-06,10.1002/gch2.70123,https://doi.org/10.1002/gch2.70123,Global Challenges
2026-06-15,Observed Changes in the Kuroshio Extension and Gulf Stream Based on Surface Drifter and OSCAR,Wenhao Gong; Yuhang Zheng; Minyang Wang; Wei Wu; Yuhong Zhang; Zesheng Chen; Yan Du,2026-06,10.1029/2026jc024135,https://doi.org/10.1029/2026jc024135,Journal of Geophysical Research: Oceans
2026-06-15,The marine microbiome can accurately predict its chemical and biological environment,Emma Bell; Karin Garefelt; Krzysztof T. Jurdzinski; Luis F. Delgado; Fanny Lindrooth; Bengt Karlson; Anders F. Andersson,2026-06,10.1038/s43247-026-03715-5,https://doi.org/10.1038/s43247-026-03715-5,Communications Earth &amp; Environment
2026-06-16,Stressed Overwintering Bottleneck Hypothesis: Ocean Warming and Acidification Synergistically Disrupt Arctic Zooplankton Overwintering,Jildou Dijkstra; Janne E. Søreide; Luise Schott; Nele Thomsen; Helena Reinardy; Mathieu Lutier; Khuong V. Dinh,2026-06,10.1002/gcb4.70022,https://doi.org/10.1002/gcb4.70022,Global Change Biology
2026-06-16,External Organic Nitrogen Supply by Atmospheric Aerosols is Important Over the Northwest Pacific Ocean,Yujue Wang; Yue Jiang; Xu Yu; Chao Yu; Hongyan Bao; Shubin Li; Yizhe Yi; Lin Zheng; et al.,2026-06,10.1029/2026gl123219,https://doi.org/10.1029/2026gl123219,Geophysical Research Letters
2026-06-16,Marine-derived water-soluble organic nitrogen in coastal air: influence of ocean productivity on atmospheric nitrogen cycling,Jiao Tang; Shujie Hu; Xiao Wang; Jiaqi Wang; Shaojun Lv; Xiaofei Geng; Guangcai Zhong; Yangzhi Mo; et al.,2026-06,10.5194/acp-26-8341-2026,https://doi.org/10.5194/acp-26-8341-2026,Atmospheric Chemistry and Physics
2026-06-16,"Effects of Nutrient Addition on Phytoplankton Growth in the Coastal Waters of Kagawa Prefecture, Eastern Seto Inland Sea, Japan",Theppitak Vipulakom; Lapassakorn Srisomros; Hitomi Yamaguchi,2026（月份未核准）,10.1051/bioconf/202623901004,https://doi.org/10.1051/bioconf/202623901004,BIO Web of Conferences
2026-06-16,Total Suspended Solids Dynamics in Tin Mining Exploitation Areas in Northeastern Coastal Waters of Bangka Island: A Remote Sensing Approach,Filialdi Nur Hidayat; Taryono Taryono; Fery Kurniawan,2026-06,10.29244/coj.v10i1.71899,https://doi.org/10.29244/coj.v10i1.71899,Coastal and Ocean Journal (COJ)
2026-06-16,Spatial–temporal analysis of land cover dynamics in the Southern Aral Sea region using remote sensing and GIS (2004–2024),Yunus Karimov; Iroda Orifjonova; Ruza Ballieva; Keunimjay Allanazarov; Nurlan Khudayberganov; Shohista Abdurozokova,2026（月份未核准）,10.1051/e3sconf/202671907001,https://doi.org/10.1051/e3sconf/202671907001,E3S Web of Conferences
2026-06-16,"Remote sensing for ecological status assessment of agricultural landscapes in the Surkhandarya Terrestrial Basin, Uzbekistan",Prinjon Khasanov; Yunus Karimov; Kuvondik Yarashev; Ismoiljon Mirzahmedov; Rasul Mamajonov,2026（月份未核准）,10.1051/e3sconf/202671902007,https://doi.org/10.1051/e3sconf/202671902007,E3S Web of Conferences
2026-06-17,A global re-assessment of surface bio-optical properties in Case 1 waters using Biogeochemical-Argo profiles,Mengyu Li; Giovanni La Forgia; Emanuele Organelli,2026-06,10.3389/fmars.2026.1822929,https://doi.org/10.3389/fmars.2026.1822929,Frontiers in Marine Science
2026-06-17,Warm Current Intensification Altered Phytoplankton Communities in the Yellow Sea: Insights from Sedimentary Ancient DNA Metabarcoding,Haoyuan Zhang; Yaping Wang; Huiwen Deng; Linxuan Li; Dongyan Liu; Meixun Zhao; Jun Gong,2026-06,10.1093/ismeco/ycag172,https://doi.org/10.1093/ismeco/ycag172,ISME Communications
2026-06-17,The Fracability Evaluation of Deep Coal Reservoirs in the Ordos Basin Based on Well Logging and Rock Mechanics Experiments,Guoxiao Zhou; Zheng Zhang; Yanqing Wang; Wenguang Tian; Ze Deng; Hao Chen; Xianlin Wu; Jian Shen,2026-06,10.3390/app16126084,https://doi.org/10.3390/app16126084,Applied Sciences
2026-06-17,Marine Heatwave Trends in Eastern North America Waters Using a High‐Resolution (5‐km) SST Dataset,Samantha E. Stone; Shawn M. Milrad,2026-06,10.1002/joc.70474,https://doi.org/10.1002/joc.70474,International Journal of Climatology
2026-06-17,"Dinoflagellate responses to nutrients and mangrove leaf organic matter in the bioluminescent Mangrove Lagoon, St. Croix, U.S. Virgin Islands",James L. Pinckney; Michelle Zimberlin; Dianne I. Greenfield,2026-06,10.1111/jpy.70189,https://doi.org/10.1111/jpy.70189,Journal of Phycology
2026-06-18,Observed Trends and Variability in the Water Masses of the Southern Ocean,James K. Wyatt; Nathaniel L. Bindoff; Annie Foppert; Helen E. Phillips; Stephen R. Rintoul,2026-06,10.1029/2025jc023852,https://doi.org/10.1029/2025jc023852,Journal of Geophysical Research: Oceans
2026-06-18,Assessing Coral Reef Stress in Indonesia by Combining SST and Ocean Color Data,Ni Putu Praja Chintya; Seungil Baek; Wonkook Kim,2026-06,10.3390/rs18122019,https://doi.org/10.3390/rs18122019,Remote Sensing
2026-06-18,Detailed Classification of Vegetation and Assessment of Carbon Stock in the Liaohe Estuary Wetlands Based on Sentinel-2 Imagery,Haoze Wang; Congcong Bi; Yilong Luo; Baokang Xing; Jiayi Wei; Siyu Chen; Rui Yan; Yan Zhang,2026-06,10.3390/su18126268,https://doi.org/10.3390/su18126268,Sustainability
2026-06-18,"Intra‐Annual Chlorophyll‐a Dynamics Under Hydroclimatic Extremes Derived From a 44‐Year Baseline: Insights From a Temperate River System (Nakdong River Basin, South Korea)",Pamela Sofia Fabian; YoonKyung Cha; Hyun‐Han Kwon,2026-06,10.1029/2025wr041316,https://doi.org/10.1029/2025wr041316,Water Resources Research
2026-06-18,Harmful algal bloom: catastrophe of aquatic ecosystems and human health,Gour G. Satpati; Biyas Mukherjee,2026-06,10.66585/ohmi.2026.2.0017,https://doi.org/10.66585/ohmi.2026.2.0017,One Health Microbiology &amp; Infection
2026-06-18,Oceanic mesoscale eddies enhance the Pacific Decadal Oscillation and its predictability,Bolan Gan; Xin Wang; Lixin Wu; Wenju Cai; Shujun Li; Hong Wang; Bowen Liu; Jingjie Yu; et al.,2026-05,10.1126/sciadv.adz8486,https://doi.org/10.1126/sciadv.adz8486,Science Advances
2026-06-18,Initial Assessment of the Detectability of Cyanotoxin Occurrence Using PACE Satellite Observations,Denesh Karunakaran; Ardeshir Ebtehaj; Lucas Clark Burnette; Miki Hondzo; Leif Olmanson,2026-06,10.1029/2026gl122098,https://doi.org/10.1029/2026gl122098,Geophysical Research Letters
2026-06-18,Backscattering by Particles of Sizes <0.2 μm in Seawater,Xiaodong Zhang; Yuanheng Xiong,2026-05,10.1029/2026gl122544,https://doi.org/10.1029/2026gl122544,Geophysical Research Letters
2026-06-18,Training‐Domain Gaps in Data‐Driven Ocean Color Algorithms,P. C. Gray; C. Begouen Demeaux; A. Chase; R. Frouin; E. S. Boss,2026-06,10.1029/2026gl122271,https://doi.org/10.1029/2026gl122271,Geophysical Research Letters
2026-06-18,Recent Changes and Variability of Suspended Particulate Matter in European and Mediterranean Coastal Waters Inferred From OLCI Data,Corentin Subirade; Cédric Jamet; Vincent Vantrepotte,2026-05,10.1029/2025jc023538,https://doi.org/10.1029/2025jc023538,Journal of Geophysical Research: Oceans
2026-06-18,NASA’s EMIT hyperspectral observations of phytoplankton ecology in estuarine waters,J. Li; B. Liu; X. Bai; E.J. D’Sa; X. Yuan; V.S. Martins; B.K. Grunert; K. Luis,2026-07,10.1016/j.jag.2026.105392,https://doi.org/10.1016/j.jag.2026.105392,International Journal of Applied Earth Observation and Geoinformation
2026-06-18,An adaptive hybrid algorithm for retrieving particulate organic carbon in complex coastal waters,Tao Zhou; Wen Zhou; Weilang Xie; Cai Li; Zhantang Xu; Xiankun Yang,2026-07,10.1016/j.jag.2026.105413,https://doi.org/10.1016/j.jag.2026.105413,International Journal of Applied Earth Observation and Geoinformation
2026-06-18,Global Ocean patterns and environmental controls of phytoplankton size structure revealed by satellite observations,Fusheng Cai; Shengqiang Wang; Linqi Wang; Deyong Sun; Shuyan Lang; Yongjun Jia; Hailong Zhang; Fei Tian,2026-08,10.1016/j.gloplacha.2026.105540,https://doi.org/10.1016/j.gloplacha.2026.105540,Global and Planetary Change
2026-06-18,Modeling Variability in Vertical Profiles of Particulate Organic Carbon Flux,Katherine Taylor; Raffaele Ferrari; B. B. Cael,2026-03,10.1029/2026gl121728,https://doi.org/10.1029/2026gl121728,Geophysical Research Letters
2026-06-18,Distinct Vertical Structures of Global Eddy Heat and Salt Transports Revealed by Altimetry and Argo Observations,Xiangpeng Wang; Xiaoming Zhai; Helen L. Johnson; J. H. LaCasce; Qinbiao Ni; Yan Du,2026-05,10.1029/2026gl122168,https://doi.org/10.1029/2026gl122168,Geophysical Research Letters
2026-06-18,Pacific Decadal Oscillation Modulates an Interdecadal Trans‐Pacific Dry‐Wet Seesaw in East Asian and North American Semi‐Arid Regions,Shanshan Wang; Xinya Shu; Jianping Huang; Jinfei Sun; Fuxing Shi,2026-04,10.1029/2025gl120943,https://doi.org/10.1029/2025gl120943,Geophysical Research Letters
2026-06-18,Upper‐Ocean Variability of the Marine Carbonate System in the Northeast Pacific,Ana C. Franco; Debby Ianson; Raffaele Bernardello; Adam H. Monahan,2026-05,10.1029/2025gb008762,https://doi.org/10.1029/2025gb008762,Global Biogeochemical Cycles
2026-06-18,"Optical complexity of North Sea, Baltic Sea, and adjacent coastal and inland waters derived from Sentinel-3 OLCI satellite data",Martin Hieronymi; Daniel Behr; Shun Bi; Rüdiger Röttgers,2026-02,10.5194/essd-18-1307-2026,https://doi.org/10.5194/essd-18-1307-2026,Earth System Science Data
2026-06-18,Springtime Intensification of Mesoscale Eddies in the Southeastern Tropical Indian Ocean,Yifei Zhou; Xuhua Cheng; Xiangzhou Song; Wei Duan,2026-06,10.1029/2025jc023723,https://doi.org/10.1029/2025jc023723,Journal of Geophysical Research: Oceans
2026-06-18,Potential of optical and ecological proxies to quantify phytoplankton carbon in oligotrophic waters,David Antoine; Chandanlal Parida; Camille Grimaldi,2026-04,10.5194/bg-23-2641-2026,https://doi.org/10.5194/bg-23-2641-2026,Biogeosciences
2026-06-18,Eddy-induced chlorophyll variability in the Norwegian Sea revealed by Bio-Argo observations,Nikita Sandalyuk; Eduard Khachatrian,2026-04,10.3389/fmars.2026.1677822,https://doi.org/10.3389/fmars.2026.1677822,Frontiers in Marine Science
2026-06-18,Biophysical Dynamics of Mesoscale Eddies: Coincident Observations from SWOT and PACE,Lilian Dove; Mara Freilich,2026（月份未核准）,10.5670/oceanog.2026.e111,https://doi.org/10.5670/oceanog.2026.e111,Oceanography
2026-06-18,Species‐Specific Temporal Shifts in Distribution Patterns of Japanese Sardine and Japanese Anchovy in the Western North Pacific in Relation to the Pacific Decadal Oscillation,Kazunari Higashiguchi; Shota Nishijima; Yasuhiro Kamimura; Sho Furuichi; Ryuji Yukami,2026-05,10.1111/fog.70050,https://doi.org/10.1111/fog.70050,Oceanography
2026-06-18,Satellite-Observed Acceleration in the Occurrence of Compound Marine Heatwave and Phytoplankton Bloom Events in the Global Coastal Ocean,Jiajun Ma; Chunzai Wang,2026-04,10.3390/rs18091322,https://doi.org/10.3390/rs18091322,Remote Sensing
2026-06-18,Satellite observations of Indian Ocean Dipole driven winter chlorophyll enhancement and phytoplankton size structure in the southeastern Bay of Bengal,Joel John; V. B. Adith; V. P. Akhil; M. G. Keerthi; Jessin Joy Alex; Siby Kurian,2026-06,10.1080/2150704x.2026.2662544,https://doi.org/10.1080/2150704x.2026.2662544,Remote Sensing
2026-06-18,Variability of pCO2 Fields in the Global Surface Ocean Using Ocean Color Data: Utilization of EOS-06 OCM Chlorophyll,Sachiko Mohanty; Ibrahim Shaik; Mohammed Suhail; Devi Vara Prasad; P. V. Nagamani; Debashis Mitra,2026-06,10.1007/s12524-026-02477-z,https://doi.org/10.1007/s12524-026-02477-z,Remote Sensing
2026-06-18,Evaluation of suspended particulate matter retrieval models for subtropical estuarine waters monitoring,Rafaela Cristine Zem; Claudio Clemente Faria Barbosa; Daniel Andrade Maciel; Rejane S. Paulino; Mauricio Almeida Noernberg,2026-06,10.1080/01431161.2026.2677906,https://doi.org/10.1080/01431161.2026.2677906,Remote Sensing
2026-06-18,Spatiotemporal Variations of Phytoplankton Groups and Their Relationships with Mesoscale Eddies in the Northwest Pacific,Jian Wen; Pengchao Jin; Lichuan Zhang; Xinjun Chen; Yang Zhang; Wei Yu,2026-04,10.3390/jmse14090789,https://doi.org/10.3390/jmse14090789,Journal of Marine Science and Engineering
2026-06-18,Capabilities of PACE Ocean color Instrument (OCI) for phytoplankton pigments of inland lakes,Jiahan Xu; Kun Xue; Ryan E. O’Shea; Chong Fang; Ming Shen; Zhigang Cao; Hongtao Duan,2026-05,10.1016/j.jag.2026.105265,https://doi.org/10.1016/j.jag.2026.105265,International Journal of Applied Earth Observation and Geoinformation
2026-06-18,AI in Satellite Remote Sensing of the Ocean,Xiaofeng Li; Qing Xu; Haoyu Wang; Haoyu Jiang; Xiaobin Yin; Shanshan Mu; Xiaolong Li; Hua Su; et al.,2026（月份未核准）,10.1109/jproc.2026.3664121,https://doi.org/10.1109/jproc.2026.3664121,Proceedings of the IEEE
2026-06-18,Potential contribution of stratosphere–troposphere coupling to Pacific decadal oscillation teleconnection to Antarctic summer sea ice melt,Cen Wang; Hui Su; Jianqiu Zheng; Chengyun Yang; Yanjia Wang; Shiwei Yu; Huisi Mo; Enze Zhang; et al.,2026-06,10.1038/s41612-026-01460-2,https://doi.org/10.1038/s41612-026-01460-2,npj Climate and Atmospheric Science
2026-06-18,An Effective Deep Learning Model for the Pacific Decadal Oscillation Prediction,Wenbo Liu; Jianqi Sun; Kai Wang; Huijun Wang,2026-06,10.1088/2515-7620/ae7b04,https://doi.org/10.1088/2515-7620/ae7b04,Environmental Research Communications
2026-06-18,Optical properties and composition of size-fractionated suspended particulate matter samples from the surface waters of the southern Baltic Sea,Sławomir B. Woźniak; Justyna Meler; Joanna Stoń-Egiert,2026-05,10.1016/j.jmarsys.2026.104233,https://doi.org/10.1016/j.jmarsys.2026.104233,Journal of Marine Systems
2026-06-18,Influence of Arctic Oscillation and Pacific Decadal Oscillation on sea ice export through the Fram Strait,Chaodong Chen; Hailun He; Zheng Ling,2026-03,10.1088/1742-6596/3178/1/012067,https://doi.org/10.1088/1742-6596/3178/1/012067,Journal of Physics: Conference Series
2026-06-18,Impacts of Mesoscale Eddies on the Abundance and Distribution of Chub Mackerel (Scomber japonicus) in the Northwest Pacific Ocean,Shujie Wang; Qinwang Xing; Pengchao Jin; Heng Zhang; Wei Yu,2026-06,10.1007/s11802-026-6425-2,https://doi.org/10.1007/s11802-026-6425-2,Journal of Ocean University of China
2026-06-18,Influence of Mesoscale Eddies on the Three-Dimensional Distribution of Microplastics in the Western North Pacific,Jinfeng Ding; Dejun Dai; Haibing Ding; Fenglei Gao; Chang Zhao; Fenghua Jiang; Wei Cao; Jingxi Li; et al.,2026-03,10.1021/acs.est.5c18906,https://doi.org/10.1021/acs.est.5c18906,Environmental Science &amp; Technology
2026-06-18,Global estimation of surface ocean particulate organic carbon using in-situ and satellite observations,Ibrahim Shaik; Roshan Jacob Tom; P.V. Nagamani; Kande Vamsi Krishna,2026-04,10.1016/j.ecofro.2026.04.006,https://doi.org/10.1016/j.ecofro.2026.04.006,Ecological Frontiers
2026-06-18,Suspended particulate matter in Voh lagoon (New Caledonia): Impact of ultramafic rock mining on primary production,Sandrine Chifflet; Jean-Louis Gonzalez; David Varillon; Anne Desnues; Bernard Angeletti; Adrien Duvivier; Doriane Delanghe; Cristèle Chevalier,2026-04,10.1016/j.rsma.2026.104888,https://doi.org/10.1016/j.rsma.2026.104888,Regional Studies in Marine Science
2026-06-18,Cyanotoxin exposure as a novel risk factor for liver fibrosis and steatosis,Brenda Y. Hernandez; Xuemei Zhu; Ella Macatugal; Michelle Nagata; Keiko Garvin; Yvette C. Paulino; Lynne R. Wilkens; Linda L. Wong; et al.,2026-03,10.1002/ijc.70446,https://doi.org/10.1002/ijc.70446,International Journal of Cancer
2026-06-18,Barrier layer formation and dynamics in the Red Sea based on Argo profiles and sea level anomaly analysis,Hadeel A. Alsayed; Mohammed A. Alsaafani; Turki M. Alraddadi,2026（月份未核准）,10.5697/uhuo2457,https://doi.org/10.5697/uhuo2457,OCEANOLOGIA
2026-06-18,Sensitivity analysis of soil particulate organic carbon to sea-level rise in coastal salt marsh,"Zhimeng Liang; Ocean University of China, Shandong Qingdao 266000, China",2026-04,10.65102/is2026537,https://doi.org/10.65102/is2026537,Ingegneria Sismica
2026-06-18,Satellite-derived phytoplankton biomass dynamics in an equatorial Atlantic archipelago,Nikolas Heinz; Cesar A.M.M. Cordeiro; Carlos Rafael Borges Mendes; Fernanda Giannini,2026-05,10.1016/j.jmarsys.2026.104218,https://doi.org/10.1016/j.jmarsys.2026.104218,Journal of Marine Systems
2026-06-19,"Hotspots of Arctic and sub-Arctic marine sediment organic carbon are dominated by the Baltic, Barents and Chukchi Seas",B. Langley; H. L. Burdett; K. Cameron; T. Juul-Pedersen; A. Rouillard; C. Slaymark; N. A. Kamenos,2026-06,10.1038/s43247-026-03720-8,https://doi.org/10.1038/s43247-026-03720-8,Communications Earth &amp; Environment
2026-06-19,Biotransformation of Microcystin-LR in Marine Sediments: Mechanism and Global Potential,Arbaz Rehman; Xiangzhi Wang; Mariam Yousaf; Jing Wang; Zelong Li,2026-06,10.1016/j.jhazmat.2026.142754,https://doi.org/10.1016/j.jhazmat.2026.142754,Journal of Hazardous Materials
2026-06-19,"Marine and terrestrial heatwaves and their impacts on coastal environments in southern coastal java, Indonesia",Halimurrahman Halimurrahman; Ginaldi Ari Nugroho; Asif Awaludin; Ibnu Fathrio; Mochamad Furqon Azis Ismail; Zahidah Hasan; Iskandar Iskandar; Asri Indrawati; et al.,2026-06,10.1007/s42452-026-08996-1,https://doi.org/10.1007/s42452-026-08996-1,Discover Applied Sciences
2026-06-19,"Research on the Application of CYGNSS Data and Machine Learning for Monitoring and Predicting Soil Salinity in the Ben Tre Area, Vinh Long Province",Phan Minh Quan; Hoang Tich Phuc; Vu Phuong Lan; Nguyen Huu Duy; Ha Minh Cuong,2026-06,10.25073/2588-1094/vnuees.5462,https://doi.org/10.25073/2588-1094/vnuees.5462,VNU Journal of Science: Earth and Environmental Sciences
2026-06-20,Diatoms vs dinoflagellates: a temporal network analysis of bloom impacts on phytoplankton diversity and community structure in French coastal waters,Jean-Yves Dias; Victor Pochic; Samuel Chaffron; Pierre Gernez,2026-06,10.1093/ismeco/ycag174,https://doi.org/10.1093/ismeco/ycag174,ISME Communications
2026-06-20,Assessing the Effects of Mussel Aquaculture on Coastal Water Quality Using Sentinel-2 Imagery: An Installation-Based Approach in the Sea of Marmara,Gökhan Tunçelli,2026-06,10.26650/ase.2026.1913971,https://doi.org/10.26650/ase.2026.1913971,Aquatic Sciences and Engineering
2026-06-20,PENGARUH ENSO TERHADAP VARIABILITAS CURAH HUJAN DAN KLOROFIL-A DI PERAIRAN PULAU LAUT,Istna Nabila Zulfa,2025-12,10.67240/jkp222025217-227,https://doi.org/10.67240/jkp222025217-227,JKP - Jurnal Kelautan dan Pesisir
